{
  "accuracy": 0.5132133500398679,
  "f1_weighted": 0.5119328256864615,
  "f1_macro": 0.5137151722388039,
  "classification_report": {
    "DOWN": {
      "precision": 0.48562933597621405,
      "recall": 0.5668016194331984,
      "f1-score": 0.5230851347744863,
      "support": 5187.0
    },
    "SIDEWAYS": {
      "precision": 0.5728718428437792,
      "recall": 0.4368668854330147,
      "f1-score": 0.4957098915331067,
      "support": 7009.0
    },
    "UP": {
      "precision": 0.48855333658061373,
      "recall": 0.5611712047743379,
      "f1-score": 0.5223504904088186,
      "support": 5362.0
    },
    "accuracy": 0.5132133500398679,
    "macro avg": {
      "precision": 0.515684838466869,
      "recall": 0.5216132365468503,
      "f1-score": 0.5137151722388039,
      "support": 17558.0
    },
    "weighted avg": {
      "precision": 0.5213487357868734,
      "recall": 0.5132133500398679,
      "f1-score": 0.5119328256864615,
      "support": 17558.0
    }
  },
  "confusion_matrix": [
    [
      2940,
      1072,
      1175
    ],
    [
      1972,
      3062,
      1975
    ],
    [
      1142,
      1211,
      3009
    ]
  ]
}