{
  "train_loss": [
    1.0164002180099487,
    0.982491135597229,
    0.9718237519264221,
    0.9614241123199463,
    0.9522702097892761,
    0.9436874985694885,
    0.914871096611023,
    0.898854672908783,
    0.8885493874549866,
    0.8784000277519226,
    0.8654161095619202,
    0.848625898361206,
    0.8414993286132812,
    0.8380951285362244,
    0.8334811925888062,
    0.8277744650840759
  ],
  "train_acc": [
    0.4833713173866272,
    0.5161173343658447,
    0.525065541267395,
    0.5332466959953308,
    0.5408952236175537,
    0.5471802353858948,
    0.5684854388237,
    0.5765600800514221,
    0.5826320648193359,
    0.592368483543396,
    0.5963525772094727,
    0.6111383438110352,
    0.6153354644775391,
    0.616166353225708,
    0.6195964813232422,
    0.6224300861358643
  ],
  "val_loss": [
    0.9851297736167908,
    0.9927271604537964,
    0.9906700253486633,
    1.0056127309799194,
    1.007245421409607,
    1.0096487998962402,
    1.019100546836853,
    1.0274298191070557,
    1.0384199619293213,
    1.0556083917617798,
    1.0725170373916626,
    1.077268123626709,
    1.0902636051177979,
    1.0889774560928345,
    1.0965300798416138,
    1.1060947179794312
  ],
  "val_acc": [
    0.5165194272994995,
    0.5026891827583313,
    0.5057625770568848,
    0.5003841519355774,
    0.4852093756198883,
    0.4955820143222809,
    0.49193239212036133,
    0.48885899782180786,
    0.4875144064426422,
    0.4731079638004303,
    0.4638878107070923,
    0.4638878107070923,
    0.4560122787952423,
    0.45754897594451904,
    0.4556281268596649,
    0.44775259494781494
  ]
}