{
  "accuracy": 0.5872609289617486,
  "f1_weighted": 0.5871363005598369,
  "f1_macro": 0.5878121090621605,
  "classification_report": {
    "DOWN": {
      "precision": 0.5874927170324334,
      "recall": 0.5829639622277896,
      "f1-score": 0.5852195782549816,
      "support": 5189.0
    },
    "SIDEWAYS": {
      "precision": 0.5897851045039741,
      "recall": 0.5712045616535995,
      "f1-score": 0.5803461510609023,
      "support": 7015.0
    },
    "UP": {
      "precision": 0.584,
      "recall": 0.6124161073825504,
      "f1-score": 0.5978705978705978,
      "support": 5364.0
    },
    "accuracy": 0.5872609289617486,
    "macro avg": {
      "precision": 0.5870926071788025,
      "recall": 0.5888615437546464,
      "f1-score": 0.5878121090621605,
      "support": 17568.0
    },
    "weighted avg": {
      "precision": 0.587341656237288,
      "recall": 0.5872609289617486,
      "f1-score": 0.5871363005598369,
      "support": 17568.0
    }
  },
  "confusion_matrix": [
    [
      3025,
      1415,
      749
    ],
    [
      1417,
      4007,
      1591
    ],
    [
      707,
      1372,
      3285
    ]
  ]
}