{
  "accuracy": 0.5884562841530054,
  "f1_weighted": 0.5884788871025955,
  "f1_macro": 0.5888280709180168,
  "classification_report": {
    "DOWN": {
      "precision": 0.5903823870220162,
      "recall": 0.5891308537290422,
      "f1-score": 0.5897559564001158,
      "support": 5189.0
    },
    "SIDEWAYS": {
      "precision": 0.5799272116461366,
      "recall": 0.5905915894511761,
      "f1-score": 0.5852108199731619,
      "support": 7015.0
    },
    "UP": {
      "precision": 0.5981700343118567,
      "recall": 0.5850111856823266,
      "f1-score": 0.5915174363807728,
      "support": 5364.0
    },
    "accuracy": 0.5884562841530054,
    "macro avg": {
      "precision": 0.5894932109933365,
      "recall": 0.5882445429541816,
      "f1-score": 0.5888280709180168,
      "support": 17568.0
    },
    "weighted avg": {
      "precision": 0.5885853631605014,
      "recall": 0.5884562841530054,
      "f1-score": 0.5884788871025955,
      "support": 17568.0
    }
  },
  "confusion_matrix": [
    [
      3057,
      1474,
      658
    ],
    [
      1422,
      4143,
      1450
    ],
    [
      699,
      1527,
      3138
    ]
  ],
  "horizon": 1,
  "model_type": "xgboost"
}