{
  "accuracy": 0.5872609289617486,
  "f1_weighted": 0.5871363005598369,
  "f1_macro": 0.5878121090621605,
  "best_params": {
    "subsample": 0.6,
    "reg_lambda": 0.1,
    "reg_alpha": 1,
    "n_estimators": 200,
    "min_child_weight": 3,
    "max_depth": 2,
    "learning_rate": 0.03,
    "gamma": 0,
    "colsample_bytree": 0.8
  }
}