{
  "accuracy": 0.606443533697632,
  "f1_weighted": 0.6034590745338901,
  "f1_macro": 0.5941157128144354,
  "best_params": {
    "subsample": 0.6,
    "reg_lambda": 0.1,
    "reg_alpha": 1,
    "n_estimators": 200,
    "min_child_weight": 3,
    "max_depth": 2,
    "learning_rate": 0.03,
    "gamma": 0,
    "colsample_bytree": 0.8
  }
}