{
  "accuracy": 0.6058743169398907,
  "f1_weighted": 0.6047509665157681,
  "f1_macro": 0.5977031389700678,
  "best_params": {
    "subsample": 0.8,
    "reg_lambda": 0,
    "reg_alpha": 1,
    "n_estimators": 100,
    "min_child_weight": 5,
    "max_depth": 3,
    "learning_rate": 0.05,
    "gamma": 0.3,
    "colsample_bytree": 0.6
  }
}