{
  "best_model": "XGBoost",
  "best_accuracy": 0.6548604638412193,
  "best_f1": 0.6746865214728897,
  "models": [
    {
      "Model": "XGBoost",
      "Accuracy": 0.6548604638412193,
      "F1 Weighted": 0.6746865214728897,
      "F1 Macro": 0.5901162508011365
    },
    {
      "Model": "CNN-LSTM",
      "Accuracy": 0.6141861868451368,
      "F1 Weighted": 0.638147471719165,
      "F1 Macro": 0.5419540764269105
    }
  ]
}