{
  "best_model": "XGBoost",
  "best_accuracy": 0.5745104735883424,
  "best_f1": 0.5725713386635324,
  "random_baseline": 0.333,
  "improvement": 0.24151047358834238,
  "models": [
    {
      "Model": "XGBoost",
      "Accuracy": 0.5745104735883424,
      "F1 Weighted": 0.5725713386635324,
      "F1 Macro": 0.5697060682802999
    },
    {
      "Model": "CNN-LSTM",
      "Accuracy": 0.5256293427497437,
      "F1 Weighted": 0.523280463551458,
      "F1 Macro": 0.5203963602413734
    },
    {
      "Model": "TCN-Attention",
      "Accuracy": 0.5067228805834093,
      "F1 Weighted": 0.5062206399282579,
      "F1 Macro": 0.5027259652801318
    }
  ],
  "horizon": 1
}