Model,Accuracy,F1 Weighted,F1 Macro
XGBoost,0.606443533697632,0.6034590745338901,0.5941157128144354
CNN-LSTM,0.5732429661692676,0.569869638959448,0.5576626099986318
TCN-Attention,0.5499658158614403,0.5368652431124358,0.5169520187000559
