Class,XGB F1,CNN F1,TCN F1
DOWN,0.563584798638684,0.5139510850843955,0.46469523234761617
SIDEWAYS,0.6474887446646788,0.6273115220483642,0.631864553939657
UP,0.5712735951399436,0.5317252228631358,0.4542962698128948
