{
  "accuracy": 0.5192504841098075,
  "f1_weighted": 0.5193916344412309,
  "f1_macro": 0.5188372725268158,
  "classification_report": {
    "DOWN": {
      "precision": 0.495995631598107,
      "recall": 0.5253518411413148,
      "f1-score": 0.5102518490778017,
      "support": 5187.0
    },
    "SIDEWAYS": {
      "precision": 0.5607096354166666,
      "recall": 0.4915109145384506,
      "f1-score": 0.5238348665703642,
      "support": 7009.0
    },
    "UP": {
      "precision": 0.49780405405405403,
      "recall": 0.5496083550913838,
      "f1-score": 0.5224251019322815,
      "support": 5362.0
    },
    "accuracy": 0.5192504841098075,
    "macro avg": {
      "precision": 0.5181697736896093,
      "recall": 0.5221570369237164,
      "f1-score": 0.5188372725268158,
      "support": 17558.0
    },
    "weighted avg": {
      "precision": 0.5223811660538009,
      "recall": 0.5192504841098075,
      "f1-score": 0.5193916344412309,
      "support": 17558.0
    }
  },
  "confusion_matrix": [
    [
      2725,
      1291,
      1171
    ],
    [
      1762,
      3445,
      1802
    ],
    [
      1007,
      1408,
      2947
    ]
  ]
}