{
  "train_loss": [
    1.0391333103179932,
    0.997456431388855,
    0.9586310386657715,
    0.9122557640075684,
    0.8564807772636414,
    0.7958255410194397
  ],
  "train_acc": [
    0.458659291267395,
    0.5006714463233948,
    0.5334967374801636,
    0.564616858959198,
    0.6015773415565491,
    0.6369817852973938
  ],
  "val_loss": [
    1.0805937051773071,
    1.0875071287155151,
    1.1122833490371704,
    1.1925184726715088,
    1.2222034931182861,
    1.3054066896438599
  ],
  "val_acc": [
    0.4295910596847534,
    0.44849535822868347,
    0.44598764181137085,
    0.4201388955116272,
    0.41300153732299805,
    0.4145447611808777
  ]
}