{
  "train_loss": [
    1.0551923513412476,
    1.011031150817871,
    0.9560788869857788,
    0.894987940788269,
    0.8253832459449768,
    0.7590849995613098
  ],
  "train_acc": [
    0.4399445950984955,
    0.48907598853111267,
    0.5330278277397156,
    0.5763614773750305,
    0.6203773021697998,
    0.654097855091095
  ],
  "val_loss": [
    1.119294285774231,
    1.1833546161651611,
    1.228176236152649,
    1.2989270687103271,
    1.3981468677520752,
    1.5584443807601929
  ],
  "val_acc": [
    0.35744598507881165,
    0.3395061790943146,
    0.3707561790943146,
    0.35300925374031067,
    0.35397377610206604,
    0.34490740299224854
  ]
}