{
  "train_loss": [
    1.027066707611084,
    0.996222734451294,
    0.9887446165084839,
    0.9834633469581604,
    0.9792858362197876,
    0.976712703704834,
    0.9723630547523499,
    0.9690712690353394,
    0.9675056338310242,
    0.9645057916641235,
    0.9632576107978821,
    0.9537357687950134,
    0.94921875,
    0.9469012022018433,
    0.9445341229438782,
    0.943779468536377,
    0.9379204511642456,
    0.9373877048492432,
    0.9349998235702515,
    0.9328427314758301,
    0.9330313205718994
  ],
  "train_acc": [
    0.4761701822280884,
    0.5088735818862915,
    0.5135180950164795,
    0.5187591910362244,
    0.5221040844917297,
    0.5215927958488464,
    0.5267060399055481,
    0.5292200446128845,
    0.5304770469665527,
    0.5311800837516785,
    0.533161461353302,
    0.541619598865509,
    0.543707549571991,
    0.5434731841087341,
    0.5453906059265137,
    0.5466689467430115,
    0.5502694845199585,
    0.5518460869789124,
    0.5530391931533813,
    0.5550844669342041,
    0.5541044473648071
  ],
  "val_loss": [
    0.9886419773101807,
    0.9881667494773865,
    0.9918261170387268,
    0.985016942024231,
    0.9849571585655212,
    0.9772882461547852,
    0.9858869314193726,
    0.9807061553001404,
    0.9824473857879639,
    0.9898788928985596,
    0.9901885390281677,
    0.9933014512062073,
    0.991925835609436,
    0.9955537915229797,
    1.0005568265914917,
    1.0012178421020508,
    1.0002708435058594,
    1.0024843215942383,
    1.003095030784607,
    1.0015716552734375,
    1.0047975778579712
  ],
  "val_acc": [
    0.512101411819458,
    0.51075679063797,
    0.5028812885284424,
    0.5059546828269958,
    0.5155589580535889,
    0.5082597136497498,
    0.509604275226593,
    0.5140222907066345,
    0.5165194272994995,
    0.49903956055641174,
    0.5130618810653687,
    0.5103726387023926,
    0.5097963809967041,
    0.5115251541137695,
    0.510948896408081,
    0.5078755021095276,
    0.509604275226593,
    0.5113330483436584,
    0.5053784251213074,
    0.5061467289924622,
    0.5051863193511963
  ]
}