{
  "train_loss": [
    1.0407389402389526,
    0.9945892095565796,
    0.9532065987586975,
    0.9045058488845825,
    0.8502225875854492,
    0.7924956679344177
  ],
  "train_acc": [
    0.4607694745063782,
    0.5021848082542419,
    0.5374613404273987,
    0.5716508626937866,
    0.6094213128089905,
    0.6417137384414673
  ],
  "val_loss": [
    1.0663163661956787,
    1.0873639583587646,
    1.1207298040390015,
    1.1606723070144653,
    1.2228507995605469,
    1.2522923946380615
  ],
  "val_acc": [
    0.4506172835826874,
    0.4573688209056854,
    0.4436728358268738,
    0.41820988059043884,
    0.4041280746459961,
    0.42033177614212036
  ]
}