{
  "accuracy": 0.4423471715328467,
  "f1_weighted": 0.4461422876097115,
  "f1_macro": 0.4378466702871351,
  "classification_report": {
    "DOWN": {
      "precision": 0.367513443352494,
      "recall": 0.42000423818605637,
      "f1-score": 0.39200949367088606,
      "support": 4719.0
    },
    "SIDEWAYS": {
      "precision": 0.5781580804516584,
      "recall": 0.4161798323596647,
      "f1-score": 0.48397577905774625,
      "support": 7874.0
    },
    "UP": {
      "precision": 0.3857915057915058,
      "recall": 0.5053611167307304,
      "f1-score": 0.4375547381327728,
      "support": 4943.0
    },
    "accuracy": 0.4423471715328467,
    "macro avg": {
      "precision": 0.4438210098652194,
      "recall": 0.4471817290921505,
      "f1-score": 0.4378466702871351,
      "support": 17536.0
    },
    "weighted avg": {
      "precision": 0.4672490920269268,
      "recall": 0.4423471715328467,
      "f1-score": 0.4461422876097115,
      "support": 17536.0
    }
  },
  "confusion_matrix": [
    [
      1982,
      1111,
      1626
    ],
    [
      2246,
      3277,
      2351
    ],
    [
      1165,
      1280,
      2498
    ]
  ]
}