{
  "accuracy": 0.4550638686131387,
  "f1_weighted": 0.4401709403231312,
  "f1_macro": 0.4084034747623533,
  "classification_report": {
    "DOWN": {
      "precision": 0.34000667334000667,
      "recall": 0.2159355795719432,
      "f1-score": 0.2641264904095386,
      "support": 4719.0
    },
    "SIDEWAYS": {
      "precision": 0.5388447270800212,
      "recall": 0.6456692913385826,
      "f1-score": 0.5874400600843492,
      "support": 7874.0
    },
    "UP": {
      "precision": 0.36775078369905956,
      "recall": 0.3797289095690876,
      "f1-score": 0.3736438737931721,
      "support": 4943.0
    },
    "accuracy": 0.4550638686131387,
    "macro avg": {
      "precision": 0.4155340613730291,
      "recall": 0.4137779268265378,
      "f1-score": 0.4084034747623533,
      "support": 17536.0
    },
    "weighted avg": {
      "precision": 0.437109203714874,
      "recall": 0.4550638686131387,
      "f1-score": 0.4401709403231312,
      "support": 17536.0
    }
  },
  "confusion_matrix": [
    [
      1019,
      2208,
      1492
    ],
    [
      1055,
      5084,
      1735
    ],
    [
      923,
      2143,
      1877
    ]
  ]
}