{
  "accuracy": 0.486827098540146,
  "f1_weighted": 0.44024334857260883,
  "f1_macro": 0.40008699899156736,
  "classification_report": {
    "DOWN": {
      "precision": 0.4811715481171548,
      "recall": 0.14621741894469167,
      "f1-score": 0.2242808386153096,
      "support": 4719.0
    },
    "SIDEWAYS": {
      "precision": 0.5144555745581888,
      "recall": 0.8022606045212091,
      "f1-score": 0.6269041830000496,
      "support": 7874.0
    },
    "UP": {
      "precision": 0.4002092597436568,
      "recall": 0.30952862634027917,
      "f1-score": 0.3490759753593429,
      "support": 4943.0
    },
    "accuracy": 0.486827098540146,
    "macro avg": {
      "precision": 0.4652787941396668,
      "recall": 0.4193355499353933,
      "f1-score": 0.40008699899156736,
      "support": 17536.0
    },
    "weighted avg": {
      "precision": 0.4732952840185291,
      "recall": 0.486827098540146,
      "f1-score": 0.44024334857260883,
      "support": 17536.0
    }
  },
  "confusion_matrix": [
    [
      690,
      2907,
      1122
    ],
    [
      386,
      6317,
      1171
    ],
    [
      358,
      3055,
      1530
    ]
  ]
}