{
  "train_loss": [
    1.0518759489059448,
    1.0115149021148682,
    0.9648526310920715,
    0.9089112877845764,
    0.84513920545578,
    0.7789556384086609
  ],
  "train_acc": [
    0.4435681700706482,
    0.48673132061958313,
    0.5252264738082886,
    0.5679206848144531,
    0.6079931855201721,
    0.6469146609306335
  ],
  "val_loss": [
    1.1080162525177002,
    1.1660503149032593,
    1.2625341415405273,
    1.2837327718734741,
    1.4067955017089844,
    1.5120922327041626
  ],
  "val_acc": [
    0.4180169701576233,
    0.37519291043281555,
    0.35532405972480774,
    0.36689814925193787,
    0.3589892089366913,
    0.3514660596847534
  ]
}