{
  "train_loss": [
    1.0129624605178833,
    0.9827414751052856,
    0.9721460938453674,
    0.962510347366333,
    0.9537338614463806,
    0.9466721415519714,
    0.936437726020813,
    0.9087086915969849,
    0.8953823447227478,
    0.885578453540802,
    0.8741632699966431,
    0.865384042263031,
    0.8477094173431396,
    0.8436183333396912,
    0.8385903239250183,
    0.8322558403015137,
    0.8306739330291748
  ],
  "train_acc": [
    0.48961374163627625,
    0.5167564749717712,
    0.52619469165802,
    0.5336301922798157,
    0.5420457124710083,
    0.5429831743240356,
    0.5533587336540222,
    0.5721285939216614,
    0.58307945728302,
    0.5875322222709656,
    0.5979078412055969,
    0.5988452434539795,
    0.6130558252334595,
    0.6135884523391724,
    0.6184247136116028,
    0.621023952960968,
    0.6218761205673218
  ],
  "val_loss": [
    0.987216591835022,
    0.9838430881500244,
    0.9935165047645569,
    0.9832586050033569,
    0.9865902662277222,
    1.0165364742279053,
    1.018542766571045,
    1.036577820777893,
    1.047865867614746,
    1.0577514171600342,
    1.0720170736312866,
    1.087319016456604,
    1.0973044633865356,
    1.0972319841384888,
    1.105354905128479,
    1.109710454940796,
    1.1106916666030884
  ],
  "val_acc": [
    0.5188244581222534,
    0.5205532312393188,
    0.5067229866981506,
    0.5222820043563843,
    0.5194007158279419,
    0.4832885265350342,
    0.48905110359191895,
    0.4850172996520996,
    0.4830964207649231,
    0.4784863591194153,
    0.47694966197013855,
    0.46676909923553467,
    0.46446406841278076,
    0.4683057963848114,
    0.4615827798843384,
    0.4579331576824188,
    0.46446406841278076
  ]
}