{
  "accuracy": 0.5256293427497437,
  "f1_weighted": 0.523280463551458,
  "f1_macro": 0.5203963602413734,
  "classification_report": {
    "DOWN": {
      "precision": 0.49199607971251225,
      "recall": 0.5806824754193175,
      "f1-score": 0.5326730922274295,
      "support": 5187.0
    },
    "SIDEWAYS": {
      "precision": 0.5379935100054083,
      "recall": 0.5676986731345413,
      "f1-score": 0.5524470669906283,
      "support": 7009.0
    },
    "UP": {
      "precision": 0.553960396039604,
      "recall": 0.41738157403953746,
      "f1-score": 0.47606892150606256,
      "support": 5362.0
    },
    "accuracy": 0.5256293427497437,
    "macro avg": {
      "precision": 0.5279833285858415,
      "recall": 0.5219209075311321,
      "f1-score": 0.5203963602413734,
      "support": 17558.0
    },
    "weighted avg": {
      "precision": 0.5292810012906404,
      "recall": 0.5256293427497437,
      "f1-score": 0.523280463551458,
      "support": 17558.0
    }
  },
  "confusion_matrix": [
    [
      3012,
      1494,
      681
    ],
    [
      1909,
      3979,
      1121
    ],
    [
      1201,
      1923,
      2238
    ]
  ]
}