{
  "accuracy": 0.40248631386861317,
  "f1_weighted": 0.4105240987962153,
  "f1_macro": 0.39692094936773775,
  "classification_report": {
    "DOWN": {
      "precision": 0.3020608156794927,
      "recall": 0.44416189870735323,
      "f1-score": 0.35958140332818667,
      "support": 4719.0
    },
    "SIDEWAYS": {
      "precision": 0.5813142437591777,
      "recall": 0.40220980441960885,
      "f1-score": 0.47545413601561326,
      "support": 7874.0
    },
    "UP": {
      "precision": 0.34861138085065063,
      "recall": 0.3631397936475824,
      "f1-score": 0.3557273087594134,
      "support": 4943.0
    },
    "accuracy": 0.40248631386861317,
    "macro avg": {
      "precision": 0.410662146763107,
      "recall": 0.4031704989248482,
      "f1-score": 0.39692094936773775,
      "support": 17536.0
    },
    "weighted avg": {
      "precision": 0.4405725022864996,
      "recall": 0.40248631386861317,
      "f1-score": 0.4105240987962153,
      "support": 17536.0
    }
  },
  "confusion_matrix": [
    [
      2096,
      1159,
      1464
    ],
    [
      2817,
      3167,
      1890
    ],
    [
      2026,
      1122,
      1795
    ]
  ]
}