{
  "accuracy": 0.47914767547857795,
  "f1_weighted": 0.4577173837695818,
  "f1_macro": 0.4256727851582061,
  "classification_report": {
    "DOWN": {
      "precision": 0.4032556418793933,
      "recall": 0.23073666384419983,
      "f1-score": 0.29352362999865356,
      "support": 4724.0
    },
    "SIDEWAYS": {
      "precision": 0.5331542078495346,
      "recall": 0.7046290424857324,
      "f1-score": 0.6070140937397575,
      "support": 7885.0
    },
    "UP": {
      "precision": 0.3983739837398374,
      "recall": 0.3568682986040866,
      "f1-score": 0.37648063173620744,
      "support": 4943.0
    },
    "accuracy": 0.47914767547857795,
    "macro avg": {
      "precision": 0.44492794448958844,
      "recall": 0.4307446683113396,
      "f1-score": 0.4256727851582061,
      "support": 17552.0
    },
    "weighted avg": {
      "precision": 0.4602360518891209,
      "recall": 0.47914767547857795,
      "f1-score": 0.4577173837695818,
      "support": 17552.0
    }
  },
  "confusion_matrix": [
    [
      1090,
      2367,
      1267
    ],
    [
      932,
      5556,
      1397
    ],
    [
      681,
      2498,
      1764
    ]
  ]
}