{
  "accuracy": 0.45658614402917047,
  "f1_weighted": 0.4115957877094711,
  "f1_macro": 0.3698578843174278,
  "classification_report": {
    "DOWN": {
      "precision": 0.3384433962264151,
      "recall": 0.18226079593564776,
      "f1-score": 0.23692900385250412,
      "support": 4724.0
    },
    "SIDEWAYS": {
      "precision": 0.4998372660699756,
      "recall": 0.7790741915028535,
      "f1-score": 0.6089714993804213,
      "support": 7885.0
    },
    "UP": {
      "precision": 0.37159676232523914,
      "recall": 0.2043293546429294,
      "f1-score": 0.2636731497193578,
      "support": 4943.0
    },
    "accuracy": 0.45658614402917047,
    "macro avg": {
      "precision": 0.40329247487387665,
      "recall": 0.3885547806938103,
      "f1-score": 0.3698578843174278,
      "support": 17552.0
    },
    "weighted avg": {
      "precision": 0.4202840840308226,
      "recall": 0.45658614402917047,
      "f1-score": 0.4115957877094711,
      "support": 17552.0
    }
  },
  "confusion_matrix": [
    [
      861,
      3023,
      840
    ],
    [
      874,
      6143,
      868
    ],
    [
      809,
      3124,
      1010
    ]
  ]
}