{
  "accuracy": 0.4503760255241568,
  "f1_weighted": 0.44013617020855667,
  "f1_macro": 0.4169313843953082,
  "classification_report": {
    "DOWN": {
      "precision": 0.39561366512020246,
      "recall": 0.1985605419136325,
      "f1-score": 0.26441155743481326,
      "support": 4724.0
    },
    "SIDEWAYS": {
      "precision": 0.565735414954807,
      "recall": 0.5239061509194674,
      "f1-score": 0.544017910054652,
      "support": 7885.0
    },
    "UP": {
      "precision": 0.3599441553496637,
      "recall": 0.5737406433340076,
      "f1-score": 0.4423646856964592,
      "support": 4943.0
    },
    "accuracy": 0.4503760255241568,
    "macro avg": {
      "precision": 0.44043107847489105,
      "recall": 0.4320691120557025,
      "f1-score": 0.4169313843953082,
      "support": 17552.0
    },
    "weighted avg": {
      "precision": 0.4619933147698198,
      "recall": 0.4503760255241568,
      "f1-score": 0.44013617020855667,
      "support": 17552.0
    }
  },
  "confusion_matrix": [
    [
      938,
      1680,
      2106
    ],
    [
      817,
      4131,
      2937
    ],
    [
      616,
      1491,
      2836
    ]
  ]
}