{
  "accuracy": 0.47145624430264355,
  "f1_weighted": 0.4184475020429179,
  "f1_macro": 0.3751446492152312,
  "classification_report": {
    "DOWN": {
      "precision": 0.38120662039508807,
      "recall": 0.15114309906858595,
      "f1-score": 0.21646202819463392,
      "support": 4724.0
    },
    "SIDEWAYS": {
      "precision": 0.5016347501167678,
      "recall": 0.8172479391249208,
      "f1-score": 0.6216776807679321,
      "support": 7885.0
    },
    "UP": {
      "precision": 0.3942816801976703,
      "recall": 0.22597612785757637,
      "f1-score": 0.2872942386831276,
      "support": 4943.0
    },
    "accuracy": 0.47145624430264355,
    "macro avg": {
      "precision": 0.42570768356984207,
      "recall": 0.3981223886836944,
      "f1-score": 0.3751446492152312,
      "support": 17552.0
    },
    "weighted avg": {
      "precision": 0.43898954105709864,
      "recall": 0.47145624430264355,
      "f1-score": 0.4184475020429179,
      "support": 17552.0
    }
  },
  "confusion_matrix": [
    [
      714,
      3167,
      843
    ],
    [
      568,
      6444,
      873
    ],
    [
      591,
      3235,
      1117
    ]
  ]
}