{
  "accuracy": 0.5067228805834093,
  "f1_weighted": 0.5062206399282579,
  "f1_macro": 0.5027259652801318,
  "classification_report": {
    "DOWN": {
      "precision": 0.4568639798488665,
      "recall": 0.5599073895427359,
      "f1-score": 0.5031642826181187,
      "support": 5183.0
    },
    "SIDEWAYS": {
      "precision": 0.5546863246577404,
      "recall": 0.5261880976166691,
      "f1-score": 0.5400615204335726,
      "support": 7007.0
    },
    "UP": {
      "precision": 0.5062596090489787,
      "recall": 0.4298769116001492,
      "f1-score": 0.464952092788704,
      "support": 5362.0
    },
    "accuracy": 0.5067228805834093,
    "macro avg": {
      "precision": 0.5059366378518618,
      "recall": 0.5053241329198515,
      "f1-score": 0.5027259652801318,
      "support": 17552.0
    },
    "weighted avg": {
      "precision": 0.5110059883861717,
      "recall": 0.5067228805834093,
      "f1-score": 0.5062206399282579,
      "support": 17552.0
    }
  },
  "confusion_matrix": [
    [
      2902,
      1319,
      962
    ],
    [
      2034,
      3687,
      1286
    ],
    [
      1416,
      1641,
      2305
    ]
  ]
}