{
  "accuracy": 0.5499658158614403,
  "f1_weighted": 0.5368652431124358,
  "f1_macro": 0.5169520187000559,
  "classification_report": {
    "DOWN": {
      "precision": 0.5405784891884302,
      "recall": 0.40749364944961897,
      "f1-score": 0.46469523234761617,
      "support": 4724.0
    },
    "SIDEWAYS": {
      "precision": 0.5522147396376743,
      "recall": 0.7383639822447685,
      "f1-score": 0.631864553939657,
      "support": 7885.0
    },
    "UP": {
      "precision": 0.552784222737819,
      "recall": 0.3855957920291321,
      "f1-score": 0.4542962698128948,
      "support": 4943.0
    },
    "accuracy": 0.5499658158614403,
    "macro avg": {
      "precision": 0.5485258171879746,
      "recall": 0.5104844745745064,
      "f1-score": 0.5169520187000559,
      "support": 17552.0
    },
    "weighted avg": {
      "precision": 0.5492433009322155,
      "recall": 0.5499658158614403,
      "f1-score": 0.5368652431124358,
      "support": 17552.0
    }
  },
  "confusion_matrix": [
    [
      1925,
      2239,
      560
    ],
    [
      1081,
      5822,
      982
    ],
    [
      555,
      2482,
      1906
    ]
  ]
}