{
  "tcn_filters": 128,
  "num_tcn_blocks": 3,
  "lookback": 16,
  "dropout": 0.2,
  "use_class_weights": false,
  "val_f1_weighted": 0.5027590992713799,
  "test_accuracy": 0.5067228805834093,
  "test_f1_weighted": 0.5062206399282579
}