{
  "tcn_filters": 128,
  "num_tcn_blocks": 3,
  "lookback": 16,
  "dropout": 0.2,
  "use_class_weights": false,
  "val_f1_weighted": 0.5263718187407413,
  "test_accuracy": 0.5499658158614403,
  "test_f1_weighted": 0.5368652431124358
}