{
  "accuracy": 0.536316029143898,
  "f1_weighted": 0.5209503680596952,
  "f1_macro": 0.4974827182137093,
  "classification_report": {
    "DOWN": {
      "precision": 0.5283540802213001,
      "recall": 0.32297611498626083,
      "f1-score": 0.40089203725567363,
      "support": 4731.0
    },
    "SIDEWAYS": {
      "precision": 0.5535851226993865,
      "recall": 0.7315682797061059,
      "f1-score": 0.6302521008403361,
      "support": 7894.0
    },
    "UP": {
      "precision": 0.49929311969839774,
      "recall": 0.4286870321667004,
      "f1-score": 0.4613040165451181,
      "support": 4943.0
    },
    "accuracy": 0.536316029143898,
    "macro avg": {
      "precision": 0.5270774408730281,
      "recall": 0.49441047561968904,
      "f1-score": 0.4974827182137093,
      "support": 17568.0
    },
    "weighted avg": {
      "precision": 0.5315146859508828,
      "recall": 0.536316029143898,
      "f1-score": 0.5209503680596952,
      "support": 17568.0
    }
  },
  "confusion_matrix": [
    [
      1528,
      2370,
      833
    ],
    [
      827,
      5775,
      1292
    ],
    [
      537,
      2287,
      2119
    ]
  ]
}