{
  "accuracy": 0.6058743169398907,
  "f1_weighted": 0.6047509665157681,
  "f1_macro": 0.5977031389700678,
  "classification_report": {
    "DOWN": {
      "precision": 0.58702323542306,
      "recall": 0.5662930852188623,
      "f1-score": 0.5764718544828329,
      "support": 4729.0
    },
    "SIDEWAYS": {
      "precision": 0.6135858763007132,
      "recall": 0.6646403242147924,
      "f1-score": 0.6380935011246884,
      "support": 7896.0
    },
    "UP": {
      "precision": 0.6103750280709634,
      "recall": 0.5498685009103783,
      "f1-score": 0.578544061302682,
      "support": 4943.0
    },
    "accuracy": 0.6058743169398907,
    "macro avg": {
      "precision": 0.6036613799315789,
      "recall": 0.5936006367813443,
      "f1-score": 0.5977031389700678,
      "support": 17568.0
    },
    "weighted avg": {
      "precision": 0.6055322588422617,
      "recall": 0.6058743169398907,
      "f1-score": 0.6047509665157681,
      "support": 17568.0
    }
  },
  "confusion_matrix": [
    [
      2678,
      1582,
      469
    ],
    [
      1382,
      5248,
      1266
    ],
    [
      502,
      1723,
      2718
    ]
  ]
}