{
  "accuracy": 0.5356898907103825,
  "f1_weighted": 0.5187590512776642,
  "f1_macro": 0.4944676668257771,
  "classification_report": {
    "DOWN": {
      "precision": 0.5272407732864675,
      "recall": 0.31705770450221943,
      "f1-score": 0.395987328405491,
      "support": 4731.0
    },
    "SIDEWAYS": {
      "precision": 0.5507150922092585,
      "recall": 0.741449201925513,
      "f1-score": 0.6320051830255912,
      "support": 7894.0
    },
    "UP": {
      "precision": 0.5025641025641026,
      "recall": 0.41634634837143436,
      "f1-score": 0.45541048904624915,
      "support": 4943.0
    },
    "accuracy": 0.5356898907103825,
    "macro avg": {
      "precision": 0.5268399893532761,
      "recall": 0.4916177515997222,
      "f1-score": 0.4944676668257771,
      "support": 17568.0
    },
    "weighted avg": {
      "precision": 0.5308455939943375,
      "recall": 0.5356898907103825,
      "f1-score": 0.5187590512776642,
      "support": 17568.0
    }
  },
  "confusion_matrix": [
    [
      1500,
      2425,
      806
    ],
    [
      810,
      5853,
      1231
    ],
    [
      535,
      2350,
      2058
    ]
  ]
}