{
  "accuracy": 0.4945924408014572,
  "f1_weighted": 0.4661965008599934,
  "f1_macro": 0.4330843650101457,
  "classification_report": {
    "DOWN": {
      "precision": 0.44909928780896524,
      "recall": 0.2264948235791253,
      "f1-score": 0.30112359550561796,
      "support": 4733.0
    },
    "SIDEWAYS": {
      "precision": 0.5282146983026749,
      "recall": 0.7531677648251394,
      "f1-score": 0.620945416557848,
      "support": 7892.0
    },
    "UP": {
      "precision": 0.42591649694501016,
      "recall": 0.3384584260570504,
      "f1-score": 0.37718408296697103,
      "support": 4943.0
    },
    "accuracy": 0.4945924408014572,
    "macro avg": {
      "precision": 0.46774349435221674,
      "recall": 0.43937367148710504,
      "f1-score": 0.4330843650101457,
      "support": 17568.0
    },
    "weighted avg": {
      "precision": 0.47811717740230686,
      "recall": 0.4945924408014572,
      "f1-score": 0.4661965008599934,
      "support": 17568.0
    }
  },
  "confusion_matrix": [
    [
      1072,
      2668,
      993
    ],
    [
      686,
      5944,
      1262
    ],
    [
      629,
      2641,
      1673
    ]
  ]
}