{
  "accuracy": 0.49436475409836067,
  "f1_weighted": 0.46875064891206286,
  "f1_macro": 0.4367705793372498,
  "classification_report": {
    "DOWN": {
      "precision": 0.4472176759410802,
      "recall": 0.2309317557574477,
      "f1-score": 0.3045840880590776,
      "support": 4733.0
    },
    "SIDEWAYS": {
      "precision": 0.5310677842565598,
      "recall": 0.7385960466294982,
      "f1-score": 0.6178715285138859,
      "support": 7892.0
    },
    "UP": {
      "precision": 0.42502410800385726,
      "recall": 0.3566659923123609,
      "f1-score": 0.3878561214387856,
      "support": 4943.0
    },
    "accuracy": 0.49436475409836067,
    "macro avg": {
      "precision": 0.4677698560671657,
      "recall": 0.44206459823310224,
      "f1-score": 0.4367705793372498,
      "support": 17568.0
    },
    "weighted avg": {
      "precision": 0.47864084582450867,
      "recall": 0.49436475409836067,
      "f1-score": 0.46875064891206286,
      "support": 17568.0
    }
  },
  "confusion_matrix": [
    [
      1093,
      2591,
      1049
    ],
    [
      727,
      5829,
      1336
    ],
    [
      624,
      2556,
      1763
    ]
  ]
}